Workbook

Sheet Start here
A1: openjev — human examples (50 rows)
A3: Fill the YELLOW cells on each task sheet. Grey cells fill themselves; don't edit them.
A4: Free-text columns: write in your own words, one short sentence. Answer columns: use the dropdown.
A5: Row 2 on each sheet is an EXAMPLE (grey italic) and is not exported.
A6: Claims and Verify use the invented papers on the Bibliography sheet; read a paper's findings first.
A7: Hover a column header for a hint. Partly filled rows are skipped on export.
A9: Sheet | B9: Filled | C9: Target | D9: What you do
A10: Movies | B10: =COUNTIFS(Movies!B3:B14,"<>",Movies!C3:C14,"<>") | C10: 12 | D10: Write a film wish, pick the film that fits
A11: News | B11: =COUNTIFS(News!B3:B14,"<>",News!C3:C14,"<>") | C11: 12 | D11: Write a headline, pick its section
A12: Scores | B12: =COUNTIFS(Scores!C3:C12,"<>",Scores!D3:D12,"<>",Scores!B3:B12,"<>") | C12: 10 | D12: Pick a film, write the viewer's reaction, pick the stars
A13: Claims | B13: =COUNTIFS(Claims!B3:B10,"<>",Claims!C3:C10,"<>") | C13: 8 | D13: Rephrase a paper's finding, pick the paper
A14: Verify | B14: =COUNTIFS(Verify!D3:D10,"<>",Verify!E3:E10,"<>",Verify!B3:B10,"<>") | C14: 8 | D14: Pick a paper, write a claim, say if the paper supports it
A15: Total | B15: =SUM(B10:B14) | C15: =SUM(C10:C14)
A17: Export: .venv/bin/python xlsx_to_jsonl.py data/human/annotate.xlsx → data/human/<task>.jsonl
A19: Legend
A20: fill in
A21: automatic

Sheet Movies
A1: # | B1: Viewer request (free text: what they want to watch) | C1: Best film | D1: Genre (auto)
A2: EXAMPLE | B2: a lonely astronaut drifting past Jupiter, something quiet and slow | C2: Solaris Drift | D2: =IF(C2="","",INDEX(Lists!$B$2:$B$11,MATCH(C2,Lists!$A$2:$A$11,0)))
A3: 1 | D3: =IF(C3="","",INDEX(Lists!$B$2:$B$11,MATCH(C3,Lists!$A$2:$A$11,0)))
A4: 2 | D4: =IF(C4="","",INDEX(Lists!$B$2:$B$11,MATCH(C4,Lists!$A$2:$A$11,0)))
A5: 3 | D5: =IF(C5="","",INDEX(Lists!$B$2:$B$11,MATCH(C5,Lists!$A$2:$A$11,0)))
A6: 4 | D6: =IF(C6="","",INDEX(Lists!$B$2:$B$11,MATCH(C6,Lists!$A$2:$A$11,0)))
A7: 5 | D7: =IF(C7="","",INDEX(Lists!$B$2:$B$11,MATCH(C7,Lists!$A$2:$A$11,0)))
A8: 6 | D8: =IF(C8="","",INDEX(Lists!$B$2:$B$11,MATCH(C8,Lists!$A$2:$A$11,0)))
A9: 7 | D9: =IF(C9="","",INDEX(Lists!$B$2:$B$11,MATCH(C9,Lists!$A$2:$A$11,0)))
A10: 8 | D10: =IF(C10="","",INDEX(Lists!$B$2:$B$11,MATCH(C10,Lists!$A$2:$A$11,0)))
A11: 9 | D11: =IF(C11="","",INDEX(Lists!$B$2:$B$11,MATCH(C11,Lists!$A$2:$A$11,0)))
A12: 10 | D12: =IF(C12="","",INDEX(Lists!$B$2:$B$11,MATCH(C12,Lists!$A$2:$A$11,0)))
A13: 11 | D13: =IF(C13="","",INDEX(Lists!$B$2:$B$11,MATCH(C13,Lists!$A$2:$A$11,0)))
A14: 12 | D14: =IF(C14="","",INDEX(Lists!$B$2:$B$11,MATCH(C14,Lists!$A$2:$A$11,0)))

Sheet News
A1: # | B1: Headline (free text) | C1: Category
A2: EXAMPLE | B2: Regional hospital closes its maternity ward over staff shortages | C2: health
A3: 1
A4: 2
A5: 3
A6: 4
A7: 5
A8: 6
A9: 7
A10: 8
A11: 9
A12: 10
A13: 11
A14: 12

Sheet Scores
A1: # | B1: Film watched | C1: What the viewer said afterwards (free text) | D1: Stars
A2: EXAMPLE | B2: Quiet Ledger | C2: Checked my phone the whole time, couldn't follow the plot | D2: 2 stars: disappointed
A3: 1
A4: 2
A5: 3
A6: 4
A7: 5
A8: 6
A9: 7
A10: 8
A11: 9
A12: 10

Sheet Claims
A1: # | B1: Claim (free text, your own wording) | C1: Paper it comes from | D1: Reference (auto)
A2: EXAMPLE | B2: emergency visits went down by about a quarter after a flu booster | C2: Mancini et al. (2024) | D2: =IF(C2="","",INDEX(Bibliography!$B$2:$B$25,MATCH(C2,Bibliography!$A$2:$A$25,0)))
A3: 1 | D3: =IF(C3="","",INDEX(Bibliography!$B$2:$B$25,MATCH(C3,Bibliography!$A$2:$A$25,0)))
A4: 2 | D4: =IF(C4="","",INDEX(Bibliography!$B$2:$B$25,MATCH(C4,Bibliography!$A$2:$A$25,0)))
A5: 3 | D5: =IF(C5="","",INDEX(Bibliography!$B$2:$B$25,MATCH(C5,Bibliography!$A$2:$A$25,0)))
A6: 4 | D6: =IF(C6="","",INDEX(Bibliography!$B$2:$B$25,MATCH(C6,Bibliography!$A$2:$A$25,0)))
A7: 5 | D7: =IF(C7="","",INDEX(Bibliography!$B$2:$B$25,MATCH(C7,Bibliography!$A$2:$A$25,0)))
A8: 6 | D8: =IF(C8="","",INDEX(Bibliography!$B$2:$B$25,MATCH(C8,Bibliography!$A$2:$A$25,0)))
A9: 7 | D9: =IF(C9="","",INDEX(Bibliography!$B$2:$B$25,MATCH(C9,Bibliography!$A$2:$A$25,0)))
A10: 8 | D10: =IF(C10="","",INDEX(Bibliography!$B$2:$B$25,MATCH(C10,Bibliography!$A$2:$A$25,0)))

Sheet Verify
A1: # | B1: Paper (source) | C1: Findings of that paper (auto) | D1: Claim to check (free text) | E1: Verdict
A2: EXAMPLE | B2: Mancini et al. (2024) | C2: =IF(B2="","",INDEX(Bibliography!$D$2:$D$25,MATCH(B2,Bibliography!$A$2:$A$25,0))) | D2: the flu booster increased bone density | E2: refuted
A3: 1 | C3: =IF(B3="","",INDEX(Bibliography!$D$2:$D$25,MATCH(B3,Bibliography!$A$2:$A$25,0)))
A4: 2 | C4: =IF(B4="","",INDEX(Bibliography!$D$2:$D$25,MATCH(B4,Bibliography!$A$2:$A$25,0)))
A5: 3 | C5: =IF(B5="","",INDEX(Bibliography!$D$2:$D$25,MATCH(B5,Bibliography!$A$2:$A$25,0)))
A6: 4 | C6: =IF(B6="","",INDEX(Bibliography!$D$2:$D$25,MATCH(B6,Bibliography!$A$2:$A$25,0)))
A7: 5 | C7: =IF(B7="","",INDEX(Bibliography!$D$2:$D$25,MATCH(B7,Bibliography!$A$2:$A$25,0)))
A8: 6 | C8: =IF(B8="","",INDEX(Bibliography!$D$2:$D$25,MATCH(B8,Bibliography!$A$2:$A$25,0)))
A9: 7 | C9: =IF(B9="","",INDEX(Bibliography!$D$2:$D$25,MATCH(B9,Bibliography!$A$2:$A$25,0)))
A10: 8 | C10: =IF(B10="","",INDEX(Bibliography!$D$2:$D$25,MATCH(B10,Bibliography!$A$2:$A$25,0)))

Sheet Lists
A1: Film | B1: Genre | C1: News category | D1: Stars | E1: Paper key | F1: Verdict
A2: Solaris Drift | B2: sci-fi | C2: politics | D2: 1 star: hated it, wants a refund | E2: Mbeki et al. (2019) | F2: supported
A3: Neon Harbour | B3: cyberpunk | C3: sports | D3: 2 stars: disappointed | E3: Novak et al. (2025) | F3: refuted
A4: The Granite Meadow | B4: drama | C4: business | D4: 3 stars: decent, mixed feelings | E4: Haddad et al. (2020) | F4: not enough info
A5: Cipher of Lanterns | B5: mystery | C5: technology | D5: 4 stars: liked it | E5: Lindqvist et al. (2024)
A6: Velvet Orbit | B6: romance | C6: health | D6: 5 stars: loved it, an instant favourite | E6: Esposito et al. (2016)
A7: Quiet Ledger | B7: thriller | C7: science | E7: Kowalski et al. (2018)
A8: Stone River Pact | B8: western | C8: entertainment | E8: Iyer et al. (2009)
A9: Cloud Engine | B9: adventure | C9: crime | E9: Holm et al. (2013)
A10: Midnight Market | B10: comedy | E10: Delacroix et al. (2022)
A11: Iron Tide | B11: war | E11: Moreau et al. (2021)
E12: Sato et al. (2012)
E13: Okafor et al. (2010)
E14: Brennan et al. (2011)
E15: Rossi et al. (2017)
E16: Chowdhury et al. (2014)
E17: Petrov et al. (2008)
E18: Duarte et al. (2015)
E19: Walsh et al. (2023)
E20: Oyelaran et al. (2019)
E21: Andersen et al. (2025)
E22: Nakamura et al. (2020)
E23: Mancini et al. (2024)
... E25: Ferreira et al. (2018)

Sheet Bibliography
A1: Paper key | B1: Full reference | C1: Topic | D1: Findings (what the paper says)
A2: Mbeki et al. (2019) | B2: Mbeki, Fischer and Walsh (2019). A sugar-free diet in adults over sixty: cluster trial. Urban Studies Review. | C2: diet | D2: Study of a sugar-free diet in adults over sixty. No difference in waist circumference was found with a sugar-free diet. Resting heart rate climbed by 31% with a sugar-free diet.
A3: Novak et al. (2025) | B3: Novak, Fischer and Walsh (2025). A sugar-free diet in university students: randomised trial. Occupational Wellbeing. | C3: diet | D3: Study of a sugar-free diet in university students. Fasting glucose dropped by 41% with a sugar-free diet. Systolic blood pressure dropped by 13% with a sugar-free diet.
A4: Haddad et al. (2020) | B4: Haddad, Fischer and Delacroix (2020). A high-protein breakfast in adults over sixty: twelve-week study. Urban Studies Review. | C4: diet | D4: Study of a high-protein breakfast in adults over sixty. Waist circumference dropped by 44% with a high-protein breakfast. No difference in body weight was found with a high-protein breakfast.
A5: Lindqvist et al. (2024) | B5: Lindqvist, Iyer and Brennan (2024). A weighted blanket in retired adults: two-year cohort study. Environmental Epidemiology Notes. | C5: sleep | D5: Study of a weighted blanket in retired adults. No difference in morning reaction time was found with a weighted blanket. No difference in evening melatonin levels was found with a weighted blanket.
A6: Esposito et al. (2016) | B6: Esposito, Novak and Rossi (2016). A weighted blanket in people with insomnia: controlled pilot study. Annals of Everyday Medicine. | C6: sleep | D6: Study of a weighted blanket in people with insomnia. Night-time awakenings dropped by 14% with a weighted blanket. No difference in daytime sleepiness was found with a weighted blanket.
A7: Kowalski et al. (2018) | B7: Kowalski, Ahmadi and Haddad (2018). Blue-light glasses in retired adults: controlled pilot study. Environmental Epidemiology Notes. | C7: sleep | D7: Study of blue-light glasses in retired adults. Morning reaction time climbed by 36% with blue-light glasses. No difference in total sleep time was found with blue-light glasses.
A8: Iyer et al. (2009) | B8: Iyer, Petrov and Ahmadi (2009). A stair-climbing programme in sedentary adults: two-year cohort study. Urban Studies Review. | C8: exercise | D8: Study of a stair-climbing programme in sedentary adults. Grip strength dropped by 32% with a stair-climbing programme. No difference in falls per year was found with a stair-climbing programme.
A9: Holm et al. (2013) | B9: Holm, Sato and Tanaka (2013). A stair-climbing programme in cancer survivors: randomised trial. Journal of Applied Health. | C9: exercise | D9: Study of a stair-climbing programme in cancer survivors. VO2 max dropped by 31% with a stair-climbing programme. Lower-back pain dropped by 33% with a stair-climbing programme.
A10: Delacroix et al. (2022) | B10: Delacroix, Rossi and Petrov (2022). Group swimming lessons in sedentary adults: randomised trial. Education Research Quarterly. | C10: exercise | D10: Study of group swimming lessons in sedentary adults. Grip strength dropped by 44% with group swimming lessons. Muscle mass dropped by 20% with group swimming lessons.
A11: Moreau et al. (2021) | B11: Moreau, Mancini and Holm (2021). HEPA air purifiers in elderly city residents: cluster trial. Public Health Letters. | C11: air | D11: Study of HEPA air purifiers in elderly city residents. Indoor PM2.5 concentration dropped by 39% with HEPA air purifiers. Asthma attacks dropped by 35% with HEPA air purifiers.
A12: Sato et al. (2012) | B12: Sato, Varga and Delacroix (2012). HEPA air purifiers in outdoor workers: twelve-week study. Environmental Epidemiology Notes. | C12: air | D12: Study of HEPA air purifiers in outdoor workers. Hospital admissions for bronchitis climbed by 10% with HEPA air purifiers. No difference in lung function was found with HEPA air purifiers.
... A25: Ferreira et al. (2018) | B25: Ferreira, Novak and Lindqvist (2018). Text-message reminders in patients with hypertension: randomised trial. Journal of Applied Health. | C25: medicine | D25: Study of text-message reminders in patients with hypertension. Bone density dropped by 31% with text-message reminders. Infection rates climbed by 31% with text-message reminders.
